15.5;[5.0, 18.5[;[5.0, 18.5[;[5.0, 30.0[;[5.0, 250.0[;*
16.3;[5.0, 18.5[;[5.0, 18.5[;[5.0, 30.0[;[5.0, 250.0[;*
16.9;[5.0, 18.5[;[5.0, 18.5[;[5.0, 30.0[;[5.0, 250.0[;*
17;[5.0, 18.5[;[5.0, 18.5[;[5.0, 30.0[;[5.0, 250.0[;*
17.1;[5.0, 18.5[;[5.0, 18.5[;[5.0, 30.0[;[5.0, 250.0[;*
17.3;[5.0, 18.5[;[5.0, 18.5[;[5.0, 30.0[;[5.0, 250.0[;*
17.5;[5.0, 18.5[;[5.0, 18.5[;[5.0, 30.0[;[5.0, 250.0[;*
17.6;[5.0, 18.5[;[5.0, 18.5[;[5.0, 30.0[;[5.0, 250.0[;*
17.9;[5.0, 18.5[;[5.0, 18.5[;[5.0, 30.0[;[5.0, 250.0[;*
18;[5.0, 18.5[;[5.0, 18.5[;[5.0, 30.0[;[5.0, 250.0[;*
18.1;[5.0, 18.5[;[5.0, 18.5[;[5.0, 30.0[;[5.0, 250.0[;*
18.2;[5.0, 18.5[;[5.0, 18.5[;[5.0, 30.0[;[5.0, 250.0[;*
18.3;[5.0, 18.5[;[5.0, 18.5[;[5.0, 30.0[;[5.0, 250.0[;*
18.4;[5.0, 18.5[;[5.0, 18.5[;[5.0, 30.0[;[5.0, 250.0[;*
18.5;[18.5, 25.0[;[18.5, 30.0[;[5.0, 30.0[;[5.0, 250.0[;*
18.6;[18.5, 25.0[;[18.5, 30.0[;[5.0, 30.0[;[5.0, 250.0[;*
18.7;[18.5, 25.0[;[18.5, 30.0[;[5.0, 30.0[;[5.0, 250.0[;*
18.8;[18.5, 25.0[;[18.5, 30.0[;[5.0, 30.0[;[5.0, 250.0[;*
18.9;[18.5, 25.0[;[18.5, 30.0[;[5.0, 30.0[;[5.0, 250.0[;*
19;[18.5, 25.0[;[18.5, 30.0[;[5.0, 30.0[;[5.0, 250.0[;*
19.1;[18.5, 25.0[;[18.5, 30.0[;[5.0, 30.0[;[5.0, 250.0[;*
19.2;[18.5, 25.0[;[18.5, 30.0[;[5.0, 30.0[;[5.0, 250.0[;*
19.3;[18.5, 25.0[;[18.5, 30.0[;[5.0, 30.0[;[5.0, 250.0[;*
19.4;[18.5, 25.0[;[18.5, 30.0[;[5.0, 30.0[;[5.0, 250.0[;*
19.5;[18.5, 25.0[;[18.5, 30.0[;[5.0, 30.0[;[5.0, 250.0[;*
19.6;[18.5, 25.0[;[18.5, 30.0[;[5.0, 30.0[;[5.0, 250.0[;*
19.7;[18.5, 25.0[;[18.5, 30.0[;[5.0, 30.0[;[5.0, 250.0[;*
19.8;[18.5, 25.0[;[18.5, 30.0[;[5.0, 30.0[;[5.0, 250.0[;*
19.9;[18.5, 25.0[;[18.5, 30.0[;[5.0, 30.0[;[5.0, 250.0[;*
20;[18.5, 25.0[;[18.5, 30.0[;[5.0, 30.0[;[5.0, 250.0[;*
20.1;[18.5, 25.0[;[18.5, 30.0[;[5.0, 30.0[;[5.0, 250.0[;*
20.2;[18.5, 25.0[;[18.5, 30.0[;[5.0, 30.0[;[5.0, 250.0[;*
20.3;[18.5, 25.0[;[18.5, 30.0[;[5.0, 30.0[;[5.0, 250.0[;*
20.4;[18.5, 25.0[;[18.5, 30.0[;[5.0, 30.0[;[5.0, 250.0[;*
20.5;[18.5, 25.0[;[18.5, 30.0[;[5.0, 30.0[;[5.0, 250.0[;*
20.6;[18.5, 25.0[;[18.5, 30.0[;[5.0, 30.0[;[5.0, 250.0[;*
20.7;[18.5, 25.0[;[18.5, 30.0[;[5.0, 30.0[;[5.0, 250.0[;*
20.8;[18.5, 25.0[;[18.5, 30.0[;[5.0, 30.0[;[5.0, 250.0[;*
20.9;[18.5, 25.0[;[18.5, 30.0[;[5.0, 30.0[;[5.0, 250.0[;*
21;[18.5, 25.0[;[18.5, 30.0[;[5.0, 30.0[;[5.0, 250.0[;*
21.1;[18.5, 25.0[;[18.5, 30.0[;[5.0, 30.0[;[5.0, 250.0[;*
21.2;[18.5, 25.0[;[18.5, 30.0[;[5.0, 30.0[;[5.0, 250.0[;*
21.3;[18.5, 25.0[;[18.5, 30.0[;[5.0, 30.0[;[5.0, 250.0[;*
21.4;[18.5, 25.0[;[18.5, 30.0[;[5.0, 30.0[;[5.0, 250.0[;*
21.5;[18.5, 25.0[;[18.5, 30.0[;[5.0, 30.0[;[5.0, 250.0[;*
21.6;[18.5, 25.0[;[18.5, 30.0[;[5.0, 30.0[;[5.0, 250.0[;*
21.7;[18.5, 25.0[;[18.5, 30.0[;[5.0, 30.0[;[5.0, 250.0[;*
21.8;[18.5, 25.0[;[18.5, 30.0[;[5.0, 30.0[;[5.0, 250.0[;*
21.9;[18.5, 25.0[;[18.5, 30.0[;[5.0, 30.0[;[5.0, 250.0[;*
22;[18.5, 25.0[;[18.5, 30.0[;[5.0, 30.0[;[5.0, 250.0[;*
22.1;[18.5, 25.0[;[18.5, 30.0[;[5.0, 30.0[;[5.0, 250.0[;*
22.2;[18.5, 25.0[;[18.5, 30.0[;[5.0, 30.0[;[5.0, 250.0[;*
22.3;[18.5, 25.0[;[18.5, 30.0[;[5.0, 30.0[;[5.0, 250.0[;*
22.4;[18.5, 25.0[;[18.5, 30.0[;[5.0, 30.0[;[5.0, 250.0[;*
22.5;[18.5, 25.0[;[18.5, 30.0[;[5.0, 30.0[;[5.0, 250.0[;*
22.6;[18.5, 25.0[;[18.5, 30.0[;[5.0, 30.0[;[5.0, 250.0[;*
22.7;[18.5, 25.0[;[18.5, 30.0[;[5.0, 30.0[;[5.0, 250.0[;*
22.8;[18.5, 25.0[;[18.5, 30.0[;[5.0, 30.0[;[5.0, 250.0[;*
22.9;[18.5, 25.0[;[18.5, 30.0[;[5.0, 30.0[;[5.0, 250.0[;*
23;[18.5, 25.0[;[18.5, 30.0[;[5.0, 30.0[;[5.0, 250.0[;*
23.1;[18.5, 25.0[;[18.5, 30.0[;[5.0, 30.0[;[5.0, 250.0[;*
23.2;[18.5, 25.0[;[18.5, 30.0[;[5.0, 30.0[;[5.0, 250.0[;*
23.3;[18.5, 25.0[;[18.5, 30.0[;[5.0, 30.0[;[5.0, 250.0[;*
23.4;[18.5, 25.0[;[18.5, 30.0[;[5.0, 30.0[;[5.0, 250.0[;*
23.5;[18.5, 25.0[;[18.5, 30.0[;[5.0, 30.0[;[5.0, 250.0[;*
23.6;[18.5, 25.0[;[18.5, 30.0[;[5.0, 30.0[;[5.0, 250.0[;*
23.7;[18.5, 25.0[;[18.5, 30.0[;[5.0, 30.0[;[5.0, 250.0[;*
23.8;[18.5, 25.0[;[18.5, 30.0[;[5.0, 30.0[;[5.0, 250.0[;*
23.9;[18.5, 25.0[;[18.5, 30.0[;[5.0, 30.0[;[5.0, 250.0[;*
24;[18.5, 25.0[;[18.5, 30.0[;[5.0, 30.0[;[5.0, 250.0[;*
24.1;[18.5, 25.0[;[18.5, 30.0[;[5.0, 30.0[;[5.0, 250.0[;*
24.2;[18.5, 25.0[;[18.5, 30.0[;[5.0, 30.0[;[5.0, 250.0[;*
24.3;[18.5, 25.0[;[18.5, 30.0[;[5.0, 30.0[;[5.0, 250.0[;*
24.4;[18.5, 25.0[;[18.5, 30.0[;[5.0, 30.0[;[5.0, 250.0[;*
24.5;[18.5, 25.0[;[18.5, 30.0[;[5.0, 30.0[;[5.0, 250.0[;*
24.6;[18.5, 25.0[;[18.5, 30.0[;[5.0, 30.0[;[5.0, 250.0[;*
24.7;[18.5, 25.0[;[18.5, 30.0[;[5.0, 30.0[;[5.0, 250.0[;*
24.8;[18.5, 25.0[;[18.5, 30.0[;[5.0, 30.0[;[5.0, 250.0[;*
24.9;[18.5, 25.0[;[18.5, 30.0[;[5.0, 30.0[;[5.0, 250.0[;*
25;[25.0, 30.0[;[18.5, 30.0[;[5.0, 30.0[;[5.0, 250.0[;*
25.1;[25.0, 30.0[;[18.5, 30.0[;[5.0, 30.0[;[5.0, 250.0[;*
25.2;[25.0, 30.0[;[18.5, 30.0[;[5.0, 30.0[;[5.0, 250.0[;*
25.3;[25.0, 30.0[;[18.5, 30.0[;[5.0, 30.0[;[5.0, 250.0[;*
25.4;[25.0, 30.0[;[18.5, 30.0[;[5.0, 30.0[;[5.0, 250.0[;*
25.5;[25.0, 30.0[;[18.5, 30.0[;[5.0, 30.0[;[5.0, 250.0[;*
25.6;[25.0, 30.0[;[18.5, 30.0[;[5.0, 30.0[;[5.0, 250.0[;*
25.7;[25.0, 30.0[;[18.5, 30.0[;[5.0, 30.0[;[5.0, 250.0[;*
25.8;[25.0, 30.0[;[18.5, 30.0[;[5.0, 30.0[;[5.0, 250.0[;*
25.9;[25.0, 30.0[;[18.5, 30.0[;[5.0, 30.0[;[5.0, 250.0[;*
26;[25.0, 30.0[;[18.5, 30.0[;[5.0, 30.0[;[5.0, 250.0[;*
26.1;[25.0, 30.0[;[18.5, 30.0[;[5.0, 30.0[;[5.0, 250.0[;*
26.2;[25.0, 30.0[;[18.5, 30.0[;[5.0, 30.0[;[5.0, 250.0[;*
26.3;[25.0, 30.0[;[18.5, 30.0[;[5.0, 30.0[;[5.0, 250.0[;*
26.4;[25.0, 30.0[;[18.5, 30.0[;[5.0, 30.0[;[5.0, 250.0[;*
26.5;[25.0, 30.0[;[18.5, 30.0[;[5.0, 30.0[;[5.0, 250.0[;*
26.6;[25.0, 30.0[;[18.5, 30.0[;[5.0, 30.0[;[5.0, 250.0[;*
26.7;[25.0, 30.0[;[18.5, 30.0[;[5.0, 30.0[;[5.0, 250.0[;*
26.8;[25.0, 30.0[;[18.5, 30.0[;[5.0, 30.0[;[5.0, 250.0[;*
26.9;[25.0, 30.0[;[18.5, 30.0[;[5.0, 30.0[;[5.0, 250.0[;*
27;[25.0, 30.0[;[18.5, 30.0[;[5.0, 30.0[;[5.0, 250.0[;*
27.1;[25.0, 30.0[;[18.5, 30.0[;[5.0, 30.0[;[5.0, 250.0[;*
27.2;[25.0, 30.0[;[18.5, 30.0[;[5.0, 30.0[;[5.0, 250.0[;*
27.3;[25.0, 30.0[;[18.5, 30.0[;[5.0, 30.0[;[5.0, 250.0[;*
27.4;[25.0, 30.0[;[18.5, 30.0[;[5.0, 30.0[;[5.0, 250.0[;*
27.5;[25.0, 30.0[;[18.5, 30.0[;[5.0, 30.0[;[5.0, 250.0[;*
27.6;[25.0, 30.0[;[18.5, 30.0[;[5.0, 30.0[;[5.0, 250.0[;*
27.7;[25.0, 30.0[;[18.5, 30.0[;[5.0, 30.0[;[5.0, 250.0[;*
27.8;[25.0, 30.0[;[18.5, 30.0[;[5.0, 30.0[;[5.0, 250.0[;*
27.9;[25.0, 30.0[;[18.5, 30.0[;[5.0, 30.0[;[5.0, 250.0[;*
28;[25.0, 30.0[;[18.5, 30.0[;[5.0, 30.0[;[5.0, 250.0[;*
28.1;[25.0, 30.0[;[18.5, 30.0[;[5.0, 30.0[;[5.0, 250.0[;*
28.2;[25.0, 30.0[;[18.5, 30.0[;[5.0, 30.0[;[5.0, 250.0[;*
28.3;[25.0, 30.0[;[18.5, 30.0[;[5.0, 30.0[;[5.0, 250.0[;*
28.4;[25.0, 30.0[;[18.5, 30.0[;[5.0, 30.0[;[5.0, 250.0[;*
28.5;[25.0, 30.0[;[18.5, 30.0[;[5.0, 30.0[;[5.0, 250.0[;*
28.6;[25.0, 30.0[;[18.5, 30.0[;[5.0, 30.0[;[5.0, 250.0[;*
28.7;[25.0, 30.0[;[18.5, 30.0[;[5.0, 30.0[;[5.0, 250.0[;*
28.8;[25.0, 30.0[;[18.5, 30.0[;[5.0, 30.0[;[5.0, 250.0[;*
28.9;[25.0, 30.0[;[18.5, 30.0[;[5.0, 30.0[;[5.0, 250.0[;*
29;[25.0, 30.0[;[18.5, 30.0[;[5.0, 30.0[;[5.0, 250.0[;*
29.1;[25.0, 30.0[;[18.5, 30.0[;[5.0, 30.0[;[5.0, 250.0[;*
29.2;[25.0, 30.0[;[18.5, 30.0[;[5.0, 30.0[;[5.0, 250.0[;*
29.3;[25.0, 30.0[;[18.5, 30.0[;[5.0, 30.0[;[5.0, 250.0[;*
29.4;[25.0, 30.0[;[18.5, 30.0[;[5.0, 30.0[;[5.0, 250.0[;*
29.5;[25.0, 30.0[;[18.5, 30.0[;[5.0, 30.0[;[5.0, 250.0[;*
29.6;[25.0, 30.0[;[18.5, 30.0[;[5.0, 30.0[;[5.0, 250.0[;*
29.7;[25.0, 30.0[;[18.5, 30.0[;[5.0, 30.0[;[5.0, 250.0[;*
29.8;[25.0, 30.0[;[18.5, 30.0[;[5.0, 30.0[;[5.0, 250.0[;*
29.9;[25.0, 30.0[;[18.5, 30.0[;[5.0, 30.0[;[5.0, 250.0[;*
30;[30.0, 35.0[;[30.0, 250.0[;[30.0, 250.0[;[5.0, 250.0[;*
30.1;[30.0, 35.0[;[30.0, 250.0[;[30.0, 250.0[;[5.0, 250.0[;*
30.2;[30.0, 35.0[;[30.0, 250.0[;[30.0, 250.0[;[5.0, 250.0[;*
30.3;[30.0, 35.0[;[30.0, 250.0[;[30.0, 250.0[;[5.0, 250.0[;*
30.4;[30.0, 35.0[;[30.0, 250.0[;[30.0, 250.0[;[5.0, 250.0[;*
30.5;[30.0, 35.0[;[30.0, 250.0[;[30.0, 250.0[;[5.0, 250.0[;*
30.6;[30.0, 35.0[;[30.0, 250.0[;[30.0, 250.0[;[5.0, 250.0[;*
30.7;[30.0, 35.0[;[30.0, 250.0[;[30.0, 250.0[;[5.0, 250.0[;*
30.8;[30.0, 35.0[;[30.0, 250.0[;[30.0, 250.0[;[5.0, 250.0[;*
30.9;[30.0, 35.0[;[30.0, 250.0[;[30.0, 250.0[;[5.0, 250.0[;*
31;[30.0, 35.0[;[30.0, 250.0[;[30.0, 250.0[;[5.0, 250.0[;*
31.1;[30.0, 35.0[;[30.0, 250.0[;[30.0, 250.0[;[5.0, 250.0[;*
31.2;[30.0, 35.0[;[30.0, 250.0[;[30.0, 250.0[;[5.0, 250.0[;*
31.3;[30.0, 35.0[;[30.0, 250.0[;[30.0, 250.0[;[5.0, 250.0[;*
31.4;[30.0, 35.0[;[30.0, 250.0[;[30.0, 250.0[;[5.0, 250.0[;*
31.5;[30.0, 35.0[;[30.0, 250.0[;[30.0, 250.0[;[5.0, 250.0[;*
31.6;[30.0, 35.0[;[30.0, 250.0[;[30.0, 250.0[;[5.0, 250.0[;*
31.7;[30.0, 35.0[;[30.0, 250.0[;[30.0, 250.0[;[5.0, 250.0[;*
31.8;[30.0, 35.0[;[30.0, 250.0[;[30.0, 250.0[;[5.0, 250.0[;*
31.9;[30.0, 35.0[;[30.0, 250.0[;[30.0, 250.0[;[5.0, 250.0[;*
32;[30.0, 35.0[;[30.0, 250.0[;[30.0, 250.0[;[5.0, 250.0[;*
32.1;[30.0, 35.0[;[30.0, 250.0[;[30.0, 250.0[;[5.0, 250.0[;*
32.2;[30.0, 35.0[;[30.0, 250.0[;[30.0, 250.0[;[5.0, 250.0[;*
32.3;[30.0, 35.0[;[30.0, 250.0[;[30.0, 250.0[;[5.0, 250.0[;*
32.4;[30.0, 35.0[;[30.0, 250.0[;[30.0, 250.0[;[5.0, 250.0[;*
32.5;[30.0, 35.0[;[30.0, 250.0[;[30.0, 250.0[;[5.0, 250.0[;*
32.6;[30.0, 35.0[;[30.0, 250.0[;[30.0, 250.0[;[5.0, 250.0[;*
32.7;[30.0, 35.0[;[30.0, 250.0[;[30.0, 250.0[;[5.0, 250.0[;*
32.8;[30.0, 35.0[;[30.0, 250.0[;[30.0, 250.0[;[5.0, 250.0[;*
32.9;[30.0, 35.0[;[30.0, 250.0[;[30.0, 250.0[;[5.0, 250.0[;*
33;[30.0, 35.0[;[30.0, 250.0[;[30.0, 250.0[;[5.0, 250.0[;*
33.1;[30.0, 35.0[;[30.0, 250.0[;[30.0, 250.0[;[5.0, 250.0[;*
33.2;[30.0, 35.0[;[30.0, 250.0[;[30.0, 250.0[;[5.0, 250.0[;*
33.3;[30.0, 35.0[;[30.0, 250.0[;[30.0, 250.0[;[5.0, 250.0[;*
33.4;[30.0, 35.0[;[30.0, 250.0[;[30.0, 250.0[;[5.0, 250.0[;*
33.5;[30.0, 35.0[;[30.0, 250.0[;[30.0, 250.0[;[5.0, 250.0[;*
33.6;[30.0, 35.0[;[30.0, 250.0[;[30.0, 250.0[;[5.0, 250.0[;*
33.7;[30.0, 35.0[;[30.0, 250.0[;[30.0, 250.0[;[5.0, 250.0[;*
33.8;[30.0, 35.0[;[30.0, 250.0[;[30.0, 250.0[;[5.0, 250.0[;*
33.9;[30.0, 35.0[;[30.0, 250.0[;[30.0, 250.0[;[5.0, 250.0[;*
34;[30.0, 35.0[;[30.0, 250.0[;[30.0, 250.0[;[5.0, 250.0[;*
34.1;[30.0, 35.0[;[30.0, 250.0[;[30.0, 250.0[;[5.0, 250.0[;*
34.2;[30.0, 35.0[;[30.0, 250.0[;[30.0, 250.0[;[5.0, 250.0[;*
34.3;[30.0, 35.0[;[30.0, 250.0[;[30.0, 250.0[;[5.0, 250.0[;*
34.4;[30.0, 35.0[;[30.0, 250.0[;[30.0, 250.0[;[5.0, 250.0[;*
34.5;[30.0, 35.0[;[30.0, 250.0[;[30.0, 250.0[;[5.0, 250.0[;*
34.6;[30.0, 35.0[;[30.0, 250.0[;[30.0, 250.0[;[5.0, 250.0[;*
34.7;[30.0, 35.0[;[30.0, 250.0[;[30.0, 250.0[;[5.0, 250.0[;*
34.8;[30.0, 35.0[;[30.0, 250.0[;[30.0, 250.0[;[5.0, 250.0[;*
34.9;[30.0, 35.0[;[30.0, 250.0[;[30.0, 250.0[;[5.0, 250.0[;*
35;[35.0, 40.0[;[30.0, 250.0[;[30.0, 250.0[;[5.0, 250.0[;*
35.1;[35.0, 40.0[;[30.0, 250.0[;[30.0, 250.0[;[5.0, 250.0[;*
35.2;[35.0, 40.0[;[30.0, 250.0[;[30.0, 250.0[;[5.0, 250.0[;*
35.3;[35.0, 40.0[;[30.0, 250.0[;[30.0, 250.0[;[5.0, 250.0[;*
35.4;[35.0, 40.0[;[30.0, 250.0[;[30.0, 250.0[;[5.0, 250.0[;*
35.5;[35.0, 40.0[;[30.0, 250.0[;[30.0, 250.0[;[5.0, 250.0[;*
35.6;[35.0, 40.0[;[30.0, 250.0[;[30.0, 250.0[;[5.0, 250.0[;*
35.7;[35.0, 40.0[;[30.0, 250.0[;[30.0, 250.0[;[5.0, 250.0[;*
35.8;[35.0, 40.0[;[30.0, 250.0[;[30.0, 250.0[;[5.0, 250.0[;*
35.9;[35.0, 40.0[;[30.0, 250.0[;[30.0, 250.0[;[5.0, 250.0[;*
36;[35.0, 40.0[;[30.0, 250.0[;[30.0, 250.0[;[5.0, 250.0[;*
36.1;[35.0, 40.0[;[30.0, 250.0[;[30.0, 250.0[;[5.0, 250.0[;*
36.2;[35.0, 40.0[;[30.0, 250.0[;[30.0, 250.0[;[5.0, 250.0[;*
36.3;[35.0, 40.0[;[30.0, 250.0[;[30.0, 250.0[;[5.0, 250.0[;*
36.4;[35.0, 40.0[;[30.0, 250.0[;[30.0, 250.0[;[5.0, 250.0[;*
36.5;[35.0, 40.0[;[30.0, 250.0[;[30.0, 250.0[;[5.0, 250.0[;*
36.6;[35.0, 40.0[;[30.0, 250.0[;[30.0, 250.0[;[5.0, 250.0[;*
36.7;[35.0, 40.0[;[30.0, 250.0[;[30.0, 250.0[;[5.0, 250.0[;*
36.8;[35.0, 40.0[;[30.0, 250.0[;[30.0, 250.0[;[5.0, 250.0[;*
36.9;[35.0, 40.0[;[30.0, 250.0[;[30.0, 250.0[;[5.0, 250.0[;*
37;[35.0, 40.0[;[30.0, 250.0[;[30.0, 250.0[;[5.0, 250.0[;*
37.1;[35.0, 40.0[;[30.0, 250.0[;[30.0, 250.0[;[5.0, 250.0[;*
37.2;[35.0, 40.0[;[30.0, 250.0[;[30.0, 250.0[;[5.0, 250.0[;*
37.3;[35.0, 40.0[;[30.0, 250.0[;[30.0, 250.0[;[5.0, 250.0[;*
37.4;[35.0, 40.0[;[30.0, 250.0[;[30.0, 250.0[;[5.0, 250.0[;*
37.5;[35.0, 40.0[;[30.0, 250.0[;[30.0, 250.0[;[5.0, 250.0[;*
37.6;[35.0, 40.0[;[30.0, 250.0[;[30.0, 250.0[;[5.0, 250.0[;*
37.7;[35.0, 40.0[;[30.0, 250.0[;[30.0, 250.0[;[5.0, 250.0[;*
37.8;[35.0, 40.0[;[30.0, 250.0[;[30.0, 250.0[;[5.0, 250.0[;*
37.9;[35.0, 40.0[;[30.0, 250.0[;[30.0, 250.0[;[5.0, 250.0[;*
38;[35.0, 40.0[;[30.0, 250.0[;[30.0, 250.0[;[5.0, 250.0[;*
38.1;[35.0, 40.0[;[30.0, 250.0[;[30.0, 250.0[;[5.0, 250.0[;*
38.2;[35.0, 40.0[;[30.0, 250.0[;[30.0, 250.0[;[5.0, 250.0[;*
38.3;[35.0, 40.0[;[30.0, 250.0[;[30.0, 250.0[;[5.0, 250.0[;*
38.4;[35.0, 40.0[;[30.0, 250.0[;[30.0, 250.0[;[5.0, 250.0[;*
38.5;[35.0, 40.0[;[30.0, 250.0[;[30.0, 250.0[;[5.0, 250.0[;*
38.6;[35.0, 40.0[;[30.0, 250.0[;[30.0, 250.0[;[5.0, 250.0[;*
38.7;[35.0, 40.0[;[30.0, 250.0[;[30.0, 250.0[;[5.0, 250.0[;*
38.8;[35.0, 40.0[;[30.0, 250.0[;[30.0, 250.0[;[5.0, 250.0[;*
38.9;[35.0, 40.0[;[30.0, 250.0[;[30.0, 250.0[;[5.0, 250.0[;*
39;[35.0, 40.0[;[30.0, 250.0[;[30.0, 250.0[;[5.0, 250.0[;*
39.1;[35.0, 40.0[;[30.0, 250.0[;[30.0, 250.0[;[5.0, 250.0[;*
39.2;[35.0, 40.0[;[30.0, 250.0[;[30.0, 250.0[;[5.0, 250.0[;*
39.3;[35.0, 40.0[;[30.0, 250.0[;[30.0, 250.0[;[5.0, 250.0[;*
39.4;[35.0, 40.0[;[30.0, 250.0[;[30.0, 250.0[;[5.0, 250.0[;*
39.5;[35.0, 40.0[;[30.0, 250.0[;[30.0, 250.0[;[5.0, 250.0[;*
39.6;[35.0, 40.0[;[30.0, 250.0[;[30.0, 250.0[;[5.0, 250.0[;*
39.7;[35.0, 40.0[;[30.0, 250.0[;[30.0, 250.0[;[5.0, 250.0[;*
39.8;[35.0, 40.0[;[30.0, 250.0[;[30.0, 250.0[;[5.0, 250.0[;*
39.9;[35.0, 40.0[;[30.0, 250.0[;[30.0, 250.0[;[5.0, 250.0[;*
40;[40.0, 250.0[;[30.0, 250.0[;[30.0, 250.0[;[5.0, 250.0[;*
40.1;[40.0, 250.0[;[30.0, 250.0[;[30.0, 250.0[;[5.0, 250.0[;*
40.2;[40.0, 250.0[;[30.0, 250.0[;[30.0, 250.0[;[5.0, 250.0[;*
40.3;[40.0, 250.0[;[30.0, 250.0[;[30.0, 250.0[;[5.0, 250.0[;*
40.4;[40.0, 250.0[;[30.0, 250.0[;[30.0, 250.0[;[5.0, 250.0[;*
40.5;[40.0, 250.0[;[30.0, 250.0[;[30.0, 250.0[;[5.0, 250.0[;*
40.6;[40.0, 250.0[;[30.0, 250.0[;[30.0, 250.0[;[5.0, 250.0[;*
40.7;[40.0, 250.0[;[30.0, 250.0[;[30.0, 250.0[;[5.0, 250.0[;*
40.8;[40.0, 250.0[;[30.0, 250.0[;[30.0, 250.0[;[5.0, 250.0[;*
40.9;[40.0, 250.0[;[30.0, 250.0[;[30.0, 250.0[;[5.0, 250.0[;*
41;[40.0, 250.0[;[30.0, 250.0[;[30.0, 250.0[;[5.0, 250.0[;*
41.1;[40.0, 250.0[;[30.0, 250.0[;[30.0, 250.0[;[5.0, 250.0[;*
41.2;[40.0, 250.0[;[30.0, 250.0[;[30.0, 250.0[;[5.0, 250.0[;*
41.3;[40.0, 250.0[;[30.0, 250.0[;[30.0, 250.0[;[5.0, 250.0[;*
41.4;[40.0, 250.0[;[30.0, 250.0[;[30.0, 250.0[;[5.0, 250.0[;*
41.5;[40.0, 250.0[;[30.0, 250.0[;[30.0, 250.0[;[5.0, 250.0[;*
41.6;[40.0, 250.0[;[30.0, 250.0[;[30.0, 250.0[;[5.0, 250.0[;*
41.7;[40.0, 250.0[;[30.0, 250.0[;[30.0, 250.0[;[5.0, 250.0[;*
41.8;[40.0, 250.0[;[30.0, 250.0[;[30.0, 250.0[;[5.0, 250.0[;*
41.9;[40.0, 250.0[;[30.0, 250.0[;[30.0, 250.0[;[5.0, 250.0[;*
42;[40.0, 250.0[;[30.0, 250.0[;[30.0, 250.0[;[5.0, 250.0[;*
42.1;[40.0, 250.0[;[30.0, 250.0[;[30.0, 250.0[;[5.0, 250.0[;*
42.2;[40.0, 250.0[;[30.0, 250.0[;[30.0, 250.0[;[5.0, 250.0[;*
42.3;[40.0, 250.0[;[30.0, 250.0[;[30.0, 250.0[;[5.0, 250.0[;*
42.4;[40.0, 250.0[;[30.0, 250.0[;[30.0, 250.0[;[5.0, 250.0[;*
42.5;[40.0, 250.0[;[30.0, 250.0[;[30.0, 250.0[;[5.0, 250.0[;*
42.6;[40.0, 250.0[;[30.0, 250.0[;[30.0, 250.0[;[5.0, 250.0[;*
42.7;[40.0, 250.0[;[30.0, 250.0[;[30.0, 250.0[;[5.0, 250.0[;*
42.8;[40.0, 250.0[;[30.0, 250.0[;[30.0, 250.0[;[5.0, 250.0[;*
42.9;[40.0, 250.0[;[30.0, 250.0[;[30.0, 250.0[;[5.0, 250.0[;*
43;[40.0, 250.0[;[30.0, 250.0[;[30.0, 250.0[;[5.0, 250.0[;*
43.1;[40.0, 250.0[;[30.0, 250.0[;[30.0, 250.0[;[5.0, 250.0[;*
43.2;[40.0, 250.0[;[30.0, 250.0[;[30.0, 250.0[;[5.0, 250.0[;*
43.3;[40.0, 250.0[;[30.0, 250.0[;[30.0, 250.0[;[5.0, 250.0[;*
43.4;[40.0, 250.0[;[30.0, 250.0[;[30.0, 250.0[;[5.0, 250.0[;*
43.5;[40.0, 250.0[;[30.0, 250.0[;[30.0, 250.0[;[5.0, 250.0[;*
43.6;[40.0, 250.0[;[30.0, 250.0[;[30.0, 250.0[;[5.0, 250.0[;*
43.7;[40.0, 250.0[;[30.0, 250.0[;[30.0, 250.0[;[5.0, 250.0[;*
43.8;[40.0, 250.0[;[30.0, 250.0[;[30.0, 250.0[;[5.0, 250.0[;*
43.9;[40.0, 250.0[;[30.0, 250.0[;[30.0, 250.0[;[5.0, 250.0[;*
44;[40.0, 250.0[;[30.0, 250.0[;[30.0, 250.0[;[5.0, 250.0[;*
44.1;[40.0, 250.0[;[30.0, 250.0[;[30.0, 250.0[;[5.0, 250.0[;*
44.2;[40.0, 250.0[;[30.0, 250.0[;[30.0, 250.0[;[5.0, 250.0[;*
44.3;[40.0, 250.0[;[30.0, 250.0[;[30.0, 250.0[;[5.0, 250.0[;*
44.4;[40.0, 250.0[;[30.0, 250.0[;[30.0, 250.0[;[5.0, 250.0[;*
44.5;[40.0, 250.0[;[30.0, 250.0[;[30.0, 250.0[;[5.0, 250.0[;*
44.6;[40.0, 250.0[;[30.0, 250.0[;[30.0, 250.0[;[5.0, 250.0[;*
44.7;[40.0, 250.0[;[30.0, 250.0[;[30.0, 250.0[;[5.0, 250.0[;*
44.9;[40.0, 250.0[;[30.0, 250.0[;[30.0, 250.0[;[5.0, 250.0[;*
45;[40.0, 250.0[;[30.0, 250.0[;[30.0, 250.0[;[5.0, 250.0[;*
45.1;[40.0, 250.0[;[30.0, 250.0[;[30.0, 250.0[;[5.0, 250.0[;*
45.2;[40.0, 250.0[;[30.0, 250.0[;[30.0, 250.0[;[5.0, 250.0[;*
45.3;[40.0, 250.0[;[30.0, 250.0[;[30.0, 250.0[;[5.0, 250.0[;*
45.4;[40.0, 250.0[;[30.0, 250.0[;[30.0, 250.0[;[5.0, 250.0[;*
45.5;[40.0, 250.0[;[30.0, 250.0[;[30.0, 250.0[;[5.0, 250.0[;*
45.6;[40.0, 250.0[;[30.0, 250.0[;[30.0, 250.0[;[5.0, 250.0[;*
45.7;[40.0, 250.0[;[30.0, 250.0[;[30.0, 250.0[;[5.0, 250.0[;*
45.8;[40.0, 250.0[;[30.0, 250.0[;[30.0, 250.0[;[5.0, 250.0[;*
45.9;[40.0, 250.0[;[30.0, 250.0[;[30.0, 250.0[;[5.0, 250.0[;*
46.1;[40.0, 250.0[;[30.0, 250.0[;[30.0, 250.0[;[5.0, 250.0[;*
46.2;[40.0, 250.0[;[30.0, 250.0[;[30.0, 250.0[;[5.0, 250.0[;*
46.3;[40.0, 250.0[;[30.0, 250.0[;[30.0, 250.0[;[5.0, 250.0[;*
46.4;[40.0, 250.0[;[30.0, 250.0[;[30.0, 250.0[;[5.0, 250.0[;*
46.7;[40.0, 250.0[;[30.0, 250.0[;[30.0, 250.0[;[5.0, 250.0[;*
46.8;[40.0, 250.0[;[30.0, 250.0[;[30.0, 250.0[;[5.0, 250.0[;*
46.9;[40.0, 250.0[;[30.0, 250.0[;[30.0, 250.0[;[5.0, 250.0[;*
47;[40.0, 250.0[;[30.0, 250.0[;[30.0, 250.0[;[5.0, 250.0[;*
47.2;[40.0, 250.0[;[30.0, 250.0[;[30.0, 250.0[;[5.0, 250.0[;*
47.3;[40.0, 250.0[;[30.0, 250.0[;[30.0, 250.0[;[5.0, 250.0[;*
47.4;[40.0, 250.0[;[30.0, 250.0[;[30.0, 250.0[;[5.0, 250.0[;*
47.7;[40.0, 250.0[;[30.0, 250.0[;[30.0, 250.0[;[5.0, 250.0[;*
47.8;[40.0, 250.0[;[30.0, 250.0[;[30.0, 250.0[;[5.0, 250.0[;*
47.9;[40.0, 250.0[;[30.0, 250.0[;[30.0, 250.0[;[5.0, 250.0[;*
48.1;[40.0, 250.0[;[30.0, 250.0[;[30.0, 250.0[;[5.0, 250.0[;*
48.2;[40.0, 250.0[;[30.0, 250.0[;[30.0, 250.0[;[5.0, 250.0[;*
48.3;[40.0, 250.0[;[30.0, 250.0[;[30.0, 250.0[;[5.0, 250.0[;*
48.5;[40.0, 250.0[;[30.0, 250.0[;[30.0, 250.0[;[5.0, 250.0[;*
48.6;[40.0, 250.0[;[30.0, 250.0[;[30.0, 250.0[;[5.0, 250.0[;*
48.7;[40.0, 250.0[;[30.0, 250.0[;[30.0, 250.0[;[5.0, 250.0[;*
48.9;[40.0, 250.0[;[30.0, 250.0[;[30.0, 250.0[;[5.0, 250.0[;*
49;[40.0, 250.0[;[30.0, 250.0[;[30.0, 250.0[;[5.0, 250.0[;*
49.1;[40.0, 250.0[;[30.0, 250.0[;[30.0, 250.0[;[5.0, 250.0[;*
49.2;[40.0, 250.0[;[30.0, 250.0[;[30.0, 250.0[;[5.0, 250.0[;*
49.4;[40.0, 250.0[;[30.0, 250.0[;[30.0, 250.0[;[5.0, 250.0[;*
49.5;[40.0, 250.0[;[30.0, 250.0[;[30.0, 250.0[;[5.0, 250.0[;*
49.6;[40.0, 250.0[;[30.0, 250.0[;[30.0, 250.0[;[5.0, 250.0[;*
49.7;[40.0, 250.0[;[30.0, 250.0[;[30.0, 250.0[;[5.0, 250.0[;*
50.2;[40.0, 250.0[;[30.0, 250.0[;[30.0, 250.0[;[5.0, 250.0[;*
50.5;[40.0, 250.0[;[30.0, 250.0[;[30.0, 250.0[;[5.0, 250.0[;*
50.8;[40.0, 250.0[;[30.0, 250.0[;[30.0, 250.0[;[5.0, 250.0[;*
51.5;[40.0, 250.0[;[30.0, 250.0[;[30.0, 250.0[;[5.0, 250.0[;*
52.1;[40.0, 250.0[;[30.0, 250.0[;[30.0, 250.0[;[5.0, 250.0[;*
52.2;[40.0, 250.0[;[30.0, 250.0[;[30.0, 250.0[;[5.0, 250.0[;*
52.5;[40.0, 250.0[;[30.0, 250.0[;[30.0, 250.0[;[5.0, 250.0[;*
53.5;[40.0, 250.0[;[30.0, 250.0[;[30.0, 250.0[;[5.0, 250.0[;*
53.7;[40.0, 250.0[;[30.0, 250.0[;[30.0, 250.0[;[5.0, 250.0[;*
54;[40.0, 250.0[;[30.0, 250.0[;[30.0, 250.0[;[5.0, 250.0[;*
54.3;[40.0, 250.0[;[30.0, 250.0[;[30.0, 250.0[;[5.0, 250.0[;*
54.6;[40.0, 250.0[;[30.0, 250.0[;[30.0, 250.0[;[5.0, 250.0[;*
54.7;[40.0, 250.0[;[30.0, 250.0[;[30.0, 250.0[;[5.0, 250.0[;*
54.9;[40.0, 250.0[;[30.0, 250.0[;[30.0, 250.0[;[5.0, 250.0[;*
55.8;[40.0, 250.0[;[30.0, 250.0[;[30.0, 250.0[;[5.0, 250.0[;*
56.4;[40.0, 250.0[;[30.0, 250.0[;[30.0, 250.0[;[5.0, 250.0[;*
56.6;[40.0, 250.0[;[30.0, 250.0[;[30.0, 250.0[;[5.0, 250.0[;*
56.7;[40.0, 250.0[;[30.0, 250.0[;[30.0, 250.0[;[5.0, 250.0[;*
57.7;[40.0, 250.0[;[30.0, 250.0[;[30.0, 250.0[;[5.0, 250.0[;*
61.1;[40.0, 250.0[;[30.0, 250.0[;[30.0, 250.0[;[5.0, 250.0[;*
61.5;[40.0, 250.0[;[30.0, 250.0[;[30.0, 250.0[;[5.0, 250.0[;*
69.7;[40.0, 250.0[;[30.0, 250.0[;[30.0, 250.0[;[5.0, 250.0[;*
null;NULL;NULL;NULL;NULL;*
